id,name,type,antiair,slotsize,slot1,slot2,slot3,slot4,slot5,weapon1,weapon2,weapon3,weapon4,weapon5,kammusu_flg
1,睦月,駆逐艦,29,2,0,0,0,0,0,1,37,0,0,0,1
2,如月,駆逐艦,29,2,0,0,0,0,0,1,0,0,0,0,1
6,長月,駆逐艦,29,2,0,0,0,0,0,1,0,0,0,0,1
7,三日月,駆逐艦,29,2,0,0,0,0,0,1,0,0,0,0,1
9,吹雪,駆逐艦,39,2,0,0,0,0,0,2,13,0,0,0,1
10,白雪,駆逐艦,39,2,0,0,0,0,0,2,0,0,0,0,1
11,深雪,駆逐艦,39,2,0,0,0,0,0,2,0,0,0,0,1
12,磯波,駆逐艦,39,2,0,0,0,0,0,2,0,0,0,0,1
13,綾波,駆逐艦,39,2,0,0,0,0,0,2,13,0,0,0,1
14,敷波,駆逐艦,39,2,0,0,0,0,0,2,0,0,0,0,1
15,曙,駆逐艦,39,2,0,0,0,0,0,2,0,0,0,0,1
16,潮,駆逐艦,39,2,0,0,0,0,0,2,0,0,0,0,1
17,陽炎,駆逐艦,39,2,0,0,0,0,0,2,14,0,0,0,1
18,不知火,駆逐艦,39,2,0,0,0,0,0,2,0,0,0,0,1
19,黒潮,駆逐艦,39,2,0,0,0,0,0,2,0,0,0,0,1
20,雪風,駆逐艦,49,2,0,0,0,0,0,2,14,0,0,0,1
21,長良,軽巡洋艦,59,2,1,1,0,0,0,4,14,0,0,0,1
22,五十鈴,軽巡洋艦,49,2,1,1,0,0,0,4,0,0,0,0,1
23,由良,軽巡洋艦,49,2,1,1,0,0,0,4,0,0,0,0,1
24,大井,軽巡洋艦,59,2,0,0,0,0,0,4,14,0,0,0,1
25,北上,軽巡洋艦,49,2,0,0,0,0,0,4,14,0,0,0,1
26,扶桑,戦艦,79,4,3,3,3,3,0,7,11,25,0,0,1
27,山城,戦艦,79,4,3,3,3,3,0,7,11,25,0,0,1
28,皐月,駆逐艦,29,2,0,0,0,0,0,1,0,0,0,0,1
29,文月,駆逐艦,29,2,0,0,0,0,0,1,0,0,0,0,1
30,菊月,駆逐艦,29,2,0,0,0,0,0,1,0,0,0,0,1
31,望月,駆逐艦,29,2,0,0,0,0,0,1,0,0,0,0,1
32,初雪,駆逐艦,39,2,0,0,0,0,0,2,0,0,0,0,1
33,叢雲,駆逐艦,39,2,0,0,0,0,0,2,0,0,0,0,1
34,暁,駆逐艦,39,2,0,0,0,0,0,2,13,0,0,0,1
35,響,駆逐艦,39,2,0,0,0,0,0,2,0,0,0,0,1
36,雷,駆逐艦,39,2,0,0,0,0,0,2,0,0,0,0,1
37,電,駆逐艦,39,2,0,0,0,0,0,2,0,0,0,0,1
38,初春,駆逐艦,39,2,0,0,0,0,0,2,13,0,0,0,1
39,子日,駆逐艦,39,2,0,0,0,0,0,2,0,0,0,0,1
40,若葉,駆逐艦,39,2,0,0,0,0,0,2,0,0,0,0,1
41,初霜,駆逐艦,39,2,0,0,0,0,0,2,0,0,0,0,1
42,白露,駆逐艦,39,2,0,0,0,0,0,2,14,0,0,0,1
43,時雨,駆逐艦,39,2,0,0,0,0,0,2,0,0,0,0,1
44,村雨,駆逐艦,39,2,0,0,0,0,0,2,0,0,0,0,1
45,夕立,駆逐艦,39,2,0,0,0,0,0,2,0,0,0,0,1
46,五月雨,駆逐艦,39,2,0,0,0,0,0,2,0,0,0,0,1
47,涼風,駆逐艦,39,2,0,0,0,0,0,2,14,0,0,0,1
48,霰,駆逐艦,39,2,0,0,0,0,0,2,0,0,0,0,1
49,霞,駆逐艦,39,2,0,0,0,0,0,2,0,0,0,0,1
50,島風,駆逐艦,49,2,0,0,0,0,0,2,14,0,0,0,1
51,天龍,軽巡洋艦,39,2,0,0,0,0,0,4,37,0,0,0,1
52,龍田,軽巡洋艦,39,2,0,0,0,0,0,4,37,0,0,0,1
53,名取,軽巡洋艦,49,2,1,1,0,0,0,4,0,0,0,0,1
54,川内,軽巡洋艦,59,2,1,1,0,0,0,4,25,0,0,0,1
55,神通,軽巡洋艦,49,2,1,1,0,0,0,4,0,0,0,0,1
56,那珂,軽巡洋艦,49,2,1,1,0,0,0,4,0,0,0,0,1
57,大井改,重雷装巡洋艦,39,2,0,0,0,0,0,15,15,0,0,0,1
58,北上改,重雷装巡洋艦,39,2,0,0,0,0,0,15,15,0,0,0,1
59,古鷹,重巡洋艦,59,3,2,2,2,0,0,6,37,0,0,0,1
60,加古,重巡洋艦,49,3,2,2,2,0,0,6,0,0,0,0,1
61,青葉,重巡洋艦,59,3,2,2,2,0,0,6,37,0,0,0,1
62,妙高,重巡洋艦,64,3,2,2,2,0,0,6,25,0,0,0,1
63,那智,重巡洋艦,54,3,2,2,2,0,0,6,0,0,0,0,1
64,足柄,重巡洋艦,54,3,2,2,2,0,0,6,0,0,0,0,1
65,羽黒,重巡洋艦,54,3,2,2,2,0,0,6,0,0,0,0,1
66,高雄,重巡洋艦,66,3,2,2,2,0,0,6,25,0,0,0,1
67,愛宕,重巡洋艦,56,3,2,2,2,0,0,6,25,0,0,0,1
68,摩耶,重巡洋艦,56,3,2,2,2,0,0,6,0,0,0,0,1
69,鳥海,重巡洋艦,56,3,2,2,2,0,0,6,0,0,0,0,1
70,最上,重巡洋艦,59,3,2,2,2,0,0,5,25,0,0,0,1
71,利根,重巡洋艦,67,3,3,3,3,0,0,6,25,0,0,0,1
72,筑摩,重巡洋艦,67,3,3,3,3,0,0,6,25,0,0,0,1
73,最上改,航空巡洋艦,64,4,5,6,5,11,0,6,26,25,0,0,1
74,祥鳳,軽空母,29,3,18,9,3,0,0,23,16,0,0,0,1
75,飛鷹,軽空母,59,4,12,18,18,10,0,19,23,16,0,0,1
76,龍驤,軽空母,29,3,9,24,5,0,0,19,16,0,0,0,1
77,伊勢,戦艦,79,4,3,3,3,3,0,7,4,25,0,0,1
78,金剛,巡洋戦艦,69,3,3,3,3,0,0,7,11,37,0,0,1
79,榛名,巡洋戦艦,69,3,3,3,3,0,0,7,11,37,0,0,1
80,長門,戦艦,89,4,3,3,3,3,0,8,4,25,0,0,1
81,陸奥,戦艦,89,4,3,3,3,3,0,8,4,25,0,0,1
82,伊勢改,航空戦艦,92,4,11,11,11,14,0,7,26,0,0,0,1
83,赤城,正規空母,69,4,18,18,27,10,0,20,23,16,0,0,1
84,加賀,正規空母,69,4,18,18,45,12,0,20,23,16,0,0,1
85,霧島,巡洋戦艦,69,3,3,3,3,0,0,7,11,37,0,0,1
86,比叡,巡洋戦艦,69,3,3,3,3,0,0,7,11,37,0,0,1
87,日向,戦艦,79,4,3,3,3,3,0,7,4,25,0,0,1
88,日向改,航空戦艦,92,4,11,11,11,14,0,7,26,0,0,0,1
89,鳳翔,軽空母,29,2,8,11,0,0,0,23,0,0,0,0,1
90,蒼龍,正規空母,69,4,12,27,18,7,0,20,23,16,0,0,1
91,飛龍,正規空母,69,4,12,27,18,7,0,20,23,16,0,0,1
92,隼鷹,軽空母,59,4,12,18,18,10,0,19,23,16,0,0,1
93,朧,駆逐艦,39,2,0,0,0,0,0,2,0,0,0,0,1
94,漣,駆逐艦,39,2,0,0,0,0,0,2,0,0,0,0,1
95,朝潮,駆逐艦,39,2,0,0,0,0,0,2,14,0,0,0,1
96,大潮,駆逐艦,39,2,0,0,0,0,0,2,0,0,0,0,1
97,満潮,駆逐艦,39,2,0,0,0,0,0,2,0,0,0,0,1
98,荒潮,駆逐艦,39,2,0,0,0,0,0,2,0,0,0,0,1
99,球磨,軽巡洋艦,59,2,1,1,0,0,0,4,25,0,0,0,1
100,多摩,軽巡洋艦,49,2,1,1,0,0,0,4,0,0,0,0,1
101,木曾,軽巡洋艦,49,2,1,1,0,0,0,4,0,0,0,0,1
102,千歳,水上機母艦,29,2,12,12,0,0,0,10,25,0,0,0,1
103,千代田,水上機母艦,29,2,12,12,0,0,0,10,25,0,0,0,1
104,千歳改,水上機母艦,29,3,12,6,6,0,0,25,26,2,0,0,1
105,千代田改,水上機母艦,29,3,12,6,6,0,0,25,26,2,0,0,1
106,千歳甲,水上機母艦,39,3,12,6,6,0,0,25,41,41,0,0,1
107,千代田甲,水上機母艦,39,3,12,6,6,0,0,25,41,41,0,0,1
108,千歳航,軽空母,49,3,21,9,6,0,0,20,16,0,0,0,1
109,千代田航,軽空母,49,3,21,9,6,0,0,20,16,0,0,0,1
110,翔鶴,正規空母,69,4,21,21,21,12,0,20,23,16,0,0,1
111,瑞鶴,正規空母,69,4,21,21,21,12,0,20,23,16,0,0,1
112,瑞鶴改,正規空母,79,4,24,24,24,12,0,21,24,51,0,0,1
113,鬼怒,軽巡洋艦,49,2,1,1,0,0,0,4,0,0,0,0,1
114,阿武隈,軽巡洋艦,49,2,1,1,0,0,0,4,0,0,0,0,1
115,夕張,軽巡洋艦,42,3,0,0,0,0,0,4,4,0,0,0,1
116,瑞鳳,軽空母,29,3,18,9,3,0,0,23,16,0,0,0,1
117,瑞鳳改,軽空母,39,4,18,12,12,6,0,21,24,17,0,0,1
118,大井改二,重雷装巡洋艦,49,3,0,0,0,0,0,10,58,30,0,0,1
119,北上改二,重雷装巡洋艦,49,3,0,0,0,0,0,10,58,30,0,0,1
120,三隈,重巡洋艦,59,3,2,2,2,0,0,6,25,0,0,0,1
121,三隈改,航空巡洋艦,59,4,5,6,5,8,0,50,30,26,0,0,1
122,舞風,駆逐艦,39,2,0,0,0,0,0,2,39,0,0,0,1
123,衣笠,重巡洋艦,59,3,2,2,2,0,0,6,37,0,0,0,1
124,鈴谷,重巡洋艦,59,3,2,2,2,0,0,6,25,0,0,0,1
125,熊野,重巡洋艦,59,3,2,2,2,0,0,6,25,0,0,0,1
126,伊168,潜水艦,0,1,0,0,0,0,0,0,0,0,0,0,1
127,伊58,潜水艦,0,1,0,0,0,0,0,0,0,0,0,0,1
128,伊8,潜水艦,0,1,0,0,0,0,0,0,0,0,0,0,1
129,鈴谷改,航空巡洋艦,59,4,5,6,5,6,0,6,30,26,0,0,1
130,熊野改,航空巡洋艦,59,4,5,6,5,6,0,6,28,26,0,0,1
131,大和,戦艦,94,4,7,7,7,7,0,9,12,59,0,0,1
132,秋雲,駆逐艦,39,2,0,0,0,0,0,2,39,0,0,0,1
133,夕雲,駆逐艦,39,2,0,0,0,0,0,2,39,0,0,0,1
134,巻雲,駆逐艦,39,2,0,0,0,0,0,2,39,0,0,0,1
135,長波,駆逐艦,39,2,0,0,0,0,0,2,39,0,0,0,1
136,大和改,戦艦,104,4,7,7,7,7,0,9,10,28,0,0,1
137,阿賀野,軽巡洋艦,60,3,2,2,2,0,0,65,66,0,0,0,1
138,能代,軽巡洋艦,60,3,2,2,2,0,0,65,66,0,0,0,1
139,矢矧,軽巡洋艦,63,3,2,2,2,0,0,65,66,0,0,0,1
140,酒匂,軽巡洋艦,62,3,2,2,2,0,0,65,66,0,0,0,1
141,五十鈴改二,軽巡洋艦,84,3,0,0,0,0,0,28,30,45,0,0,1
142,衣笠改二,重巡洋艦,66,4,2,2,2,2,0,50,15,0,0,0,1
143,武蔵,戦艦,94,4,7,7,7,7,0,9,12,59,0,0,1
144,夕立改二,駆逐艦,59,3,0,0,0,0,0,63,15,0,0,0,1
145,時雨改二,駆逐艦,72,3,0,0,0,0,0,28,27,0,0,0,1
146,木曾改二,重雷装巡洋艦,72,3,0,0,0,0,0,58,27,40,0,0,1
147,Верный,駆逐艦,59,3,0,0,0,0,0,0,0,0,0,0,1
148,武蔵改,戦艦,99,4,7,7,7,7,0,9,40,28,0,0,1
149,金剛改二,巡洋戦艦,84,4,3,3,3,3,0,8,30,28,0,0,1
150,比叡改二,巡洋戦艦,82,4,3,3,3,3,0,8,30,35,0,0,1
151,榛名改二,巡洋戦艦,92,4,3,3,3,3,0,104,104,35,27,0,1
152,霧島改二,巡洋戦艦,82,4,3,3,3,3,0,8,74,30,0,0,1
153,大鳳,装甲空母,79,4,18,18,18,7,0,60,24,17,0,0,1
154,香取,練習巡洋艦,42,3,1,1,1,0,0,119,10,39,0,0,1
155,伊401,潜水空母,0,1,3,0,0,0,0,0,0,0,0,0,1
156,大鳳改,装甲空母,86,4,30,24,24,8,0,22,18,71,0,0,1
157,龍驤改二,軽空母,48,4,18,28,6,3,0,60,39,61,0,0,1
158,川内改二,軽巡洋艦,70,3,1,1,1,0,0,101,74,102,0,0,1
159,神通改二,軽巡洋艦,68,3,1,1,1,0,0,74,15,15,0,0,1
160,那珂改二,軽巡洋艦,75,3,1,1,1,0,0,10,15,30,0,0,1
161,あきつ丸,揚陸艦,29,2,0,0,0,0,0,68,39,0,0,0,1
162,神威,補給艦,24,3,0,0,0,0,0,0,0,0,0,0,1
163,まるゆ,潜水艦,0,0,0,0,0,0,0,0,0,0,0,0,1
164,弥生,駆逐艦,29,2,0,0,0,0,0,1,0,0,0,0,1
165,卯月,駆逐艦,29,2,0,0,0,0,0,1,0,0,0,0,1
166,あきつ丸改,揚陸艦,37,3,8,8,8,0,0,70,69,0,0,0,1
167,磯風,駆逐艦,44,2,0,0,0,0,0,2,40,0,0,0,1
168,浦風,駆逐艦,40,2,0,0,0,0,0,2,44,0,0,0,1
169,谷風,駆逐艦,40,2,0,0,0,0,0,2,44,0,0,0,1
170,浜風,駆逐艦,42,2,0,0,0,0,0,2,44,0,0,0,1
171,Bismarck,巡洋戦艦,48,4,4,4,4,4,0,76,77,0,0,0,1
172,Bismarck改,巡洋戦艦,58,4,4,4,4,4,0,76,77,0,0,0,1
173,Bismarck zwei,巡洋戦艦,62,4,4,4,4,4,0,76,85,84,0,0,1
174,Z1,駆逐艦,42,3,0,0,0,0,0,78,0,0,0,0,1
175,Z3,駆逐艦,42,3,0,0,0,0,0,78,0,0,0,0,1
176,Prinz Eugen,重巡洋艦,44,3,3,3,3,0,0,123,115,0,0,0,1
177,Prinz Eugen改,重巡洋艦,60,4,3,3,3,3,0,123,84,124,0,0,1
178,Bismarck drei,巡洋戦艦,70,4,4,4,4,4,0,114,114,85,115,0,1
179,Z1 zwei,駆逐艦,64,3,0,0,0,0,0,84,78,0,0,0,1
180,Z3 zwei,駆逐艦,68,3,0,0,0,0,0,85,78,0,0,0,1
181,天津風,駆逐艦,53,3,0,0,0,0,0,2,14,34,0,0,1
182,明石,工作艦,24,3,0,0,0,0,0,86,39,0,0,0,1
183,大淀,軽巡洋艦,62,3,0,6,6,0,0,5,71,25,0,0,1
184,大鯨,潜水母艦,36,3,2,3,3,0,0,10,92,0,0,0,1
185,龍鳳,軽空母,48,3,18,7,6,0,0,20,16,0,0,0,1
186,時津風,駆逐艦,40,2,0,0,0,0,0,2,14,0,0,0,1
187,明石改,工作艦,36,4,0,0,0,0,0,86,10,39,0,0,1
188,利根改二,航空巡洋艦,82,4,2,2,9,5,0,50,30,79,0,0,1
189,筑摩改二,航空巡洋艦,83,4,2,2,9,5,0,50,30,79,0,0,1
190,初風,駆逐艦,39,2,0,0,0,0,0,2,39,0,0,0,1
191,伊19,潜水艦,0,1,0,0,0,0,0,0,0,0,0,0,1
192,那智改二,重巡洋艦,83,4,2,2,4,4,0,90,90,15,0,0,1
193,足柄改二,重巡洋艦,74,4,2,2,4,4,0,90,90,90,0,0,1
194,羽黒改二,重巡洋艦,72,4,2,2,4,4,0,90,90,28,0,0,1
195,綾波改二,駆逐艦,52,3,0,0,0,0,0,63,101,74,0,0,1
196,飛龍改二,正規空母,82,4,18,36,22,3,0,96,97,93,0,0,1
197,蒼龍改二,正規空母,84,4,18,35,20,6,0,96,99,98,61,0,1
199,大潮改二,駆逐艦,62,3,0,0,0,0,0,63,15,68,0,0,1
200,阿武隈改二,軽巡洋艦,78,3,1,1,1,0,0,91,106,68,0,0,1
201,吹雪改,駆逐艦,49,3,0,0,0,0,0,3,13,0,0,0,1
202,白雪改,駆逐艦,49,3,0,0,0,0,0,3,13,0,0,0,1
203,初雪改,駆逐艦,49,3,0,0,0,0,0,3,13,0,0,0,1
204,深雪改,駆逐艦,49,3,0,0,0,0,0,3,13,0,0,0,1
205,叢雲改,駆逐艦,49,3,0,0,0,0,0,3,13,0,0,0,1
206,磯波改,駆逐艦,49,3,0,0,0,0,0,3,13,0,0,0,1
207,綾波改,駆逐艦,49,3,0,0,0,0,0,3,13,0,0,0,1
208,敷波改,駆逐艦,49,3,0,0,0,0,0,3,13,0,0,0,1
209,金剛改,巡洋戦艦,79,4,3,3,3,3,0,8,12,10,0,0,1
210,比叡改,巡洋戦艦,79,4,3,3,3,3,0,8,12,10,0,0,1
211,榛名改,巡洋戦艦,79,4,3,3,3,3,0,8,12,10,0,0,1
212,霧島改,巡洋戦艦,79,4,3,3,3,3,0,8,12,10,0,0,1
213,天龍改,軽巡洋艦,49,3,0,0,0,0,0,4,10,15,0,0,1
214,龍田改,軽巡洋艦,49,3,0,0,0,0,0,4,10,15,0,0,1
215,球磨改,軽巡洋艦,69,3,1,1,1,0,0,4,15,25,0,0,1
216,多摩改,軽巡洋艦,59,3,1,1,1,0,0,4,15,25,0,0,1
217,木曾改,軽巡洋艦,59,3,1,1,1,0,0,4,15,25,0,0,1
218,長良改,軽巡洋艦,69,3,1,1,1,0,0,4,15,25,0,0,1
219,五十鈴改,軽巡洋艦,59,3,1,1,1,0,0,10,30,15,0,0,1
220,由良改,軽巡洋艦,59,3,1,1,1,0,0,4,15,25,0,0,1
221,名取改,軽巡洋艦,59,3,1,1,1,0,0,4,15,25,0,0,1
222,川内改,軽巡洋艦,69,3,1,1,1,0,0,4,15,25,0,0,1
223,神通改,軽巡洋艦,59,3,1,1,1,0,0,4,15,25,0,0,1
224,那珂改,軽巡洋艦,59,3,1,1,1,0,0,4,15,25,0,0,1
225,陽炎改,駆逐艦,49,3,0,0,0,0,0,3,15,0,0,0,1
226,不知火改,駆逐艦,49,3,0,0,0,0,0,3,15,0,0,0,1
227,黒潮改,駆逐艦,49,3,0,0,0,0,0,3,15,0,0,0,1
228,雪風改,駆逐艦,59,3,0,0,0,0,0,3,15,0,0,0,1
229,島風改,駆逐艦,59,3,0,0,0,0,0,3,15,0,0,0,1
230,朧改,駆逐艦,49,3,0,0,0,0,0,3,13,0,0,0,1
231,曙改,駆逐艦,49,3,0,0,0,0,0,3,13,0,0,0,1
232,漣改,駆逐艦,49,3,0,0,0,0,0,3,13,0,0,0,1
233,潮改,駆逐艦,49,3,0,0,0,0,0,3,13,0,0,0,1
234,暁改,駆逐艦,49,3,0,0,0,0,0,3,13,0,0,0,1
235,響改,駆逐艦,49,3,0,0,0,0,0,3,13,0,0,0,1
236,雷改,駆逐艦,49,3,0,0,0,0,0,3,13,0,0,0,1
237,電改,駆逐艦,49,3,0,0,0,0,0,3,13,0,0,0,1
238,初春改,駆逐艦,49,3,0,0,0,0,0,3,14,0,0,0,1
239,子日改,駆逐艦,49,3,0,0,0,0,0,3,14,0,0,0,1
240,若葉改,駆逐艦,49,3,0,0,0,0,0,3,14,0,0,0,1
241,初霜改,駆逐艦,49,3,0,0,0,0,0,3,14,0,0,0,1
242,白露改,駆逐艦,49,3,0,0,0,0,0,3,15,0,0,0,1
243,時雨改,駆逐艦,49,3,0,0,0,0,0,3,15,0,0,0,1
244,村雨改,駆逐艦,49,3,0,0,0,0,0,3,15,0,0,0,1
245,夕立改,駆逐艦,49,3,0,0,0,0,0,3,15,0,0,0,1
246,五月雨改,駆逐艦,49,3,0,0,0,0,0,3,15,0,0,0,1
247,涼風改,駆逐艦,49,3,0,0,0,0,0,3,15,0,0,0,1
248,朝潮改,駆逐艦,49,3,0,0,0,0,0,3,15,0,0,0,1
249,大潮改,駆逐艦,49,3,0,0,0,0,0,3,15,0,0,0,1
250,満潮改,駆逐艦,49,3,0,0,0,0,0,3,15,0,0,0,1
251,荒潮改,駆逐艦,49,3,0,0,0,0,0,3,15,0,0,0,1
252,霰改,駆逐艦,49,3,0,0,0,0,0,3,15,0,0,0,1
253,霞改,駆逐艦,49,3,0,0,0,0,0,3,15,0,0,0,1
254,睦月改,駆逐艦,39,3,0,0,0,0,0,2,13,0,0,0,1
255,如月改,駆逐艦,39,3,0,0,0,0,0,2,13,0,0,0,1
256,皐月改,駆逐艦,39,3,0,0,0,0,0,2,13,0,0,0,1
257,文月改,駆逐艦,39,3,0,0,0,0,0,2,14,0,0,0,1
258,長月改,駆逐艦,39,3,0,0,0,0,0,2,15,0,0,0,1
259,菊月改,駆逐艦,39,3,0,0,0,0,0,2,13,0,0,0,1
260,三日月改,駆逐艦,39,3,0,0,0,0,0,2,13,0,0,0,1
261,望月改,駆逐艦,39,3,0,0,0,0,0,2,13,0,0,0,1
262,古鷹改,重巡洋艦,59,4,2,2,2,2,0,6,10,14,0,0,1
263,加古改,重巡洋艦,59,4,2,2,2,2,0,6,10,14,0,0,1
264,青葉改,重巡洋艦,59,4,2,2,2,2,0,6,39,14,0,0,1
265,妙高改,重巡洋艦,69,4,2,2,2,2,0,6,15,25,0,0,1
266,那智改,重巡洋艦,69,4,2,2,2,2,0,6,10,15,0,0,1
267,足柄改,重巡洋艦,69,4,2,2,2,2,0,6,10,15,0,0,1
268,羽黒改,重巡洋艦,69,4,2,2,2,2,0,6,10,15,0,0,1
269,高雄改,重巡洋艦,69,4,2,2,2,2,0,6,15,25,0,0,1
270,愛宕改,重巡洋艦,69,4,2,2,2,2,0,6,15,25,0,0,1
271,摩耶改,重巡洋艦,89,4,2,2,2,2,0,10,30,15,0,0,1
272,鳥海改,重巡洋艦,69,4,2,2,2,2,0,6,10,15,0,0,1
273,利根改,重巡洋艦,79,4,4,4,4,4,0,6,15,25,0,0,1
274,筑摩改,重巡洋艦,79,4,4,4,4,4,0,6,15,25,0,0,1
275,長門改,戦艦,99,4,3,3,3,3,0,8,8,25,0,0,1
276,陸奥改,戦艦,99,4,3,3,3,3,0,8,8,25,0,0,1
277,赤城改,正規空母,79,4,20,20,32,10,0,21,24,16,0,0,1
278,加賀改,正規空母,79,4,20,20,46,12,0,21,24,16,0,0,1
279,蒼龍改,正規空母,79,4,18,27,18,10,0,21,24,16,0,0,1
280,飛龍改,正規空母,79,4,18,27,18,10,0,21,24,16,0,0,1
281,龍驤改,軽空母,39,4,9,24,5,5,0,21,24,16,0,0,1
282,祥鳳改,軽空母,39,4,18,12,12,6,0,21,24,16,0,0,1
283,飛鷹改,軽空母,69,4,18,18,18,12,0,21,24,16,0,0,1
284,隼鷹改,軽空母,69,4,18,18,18,12,0,21,24,16,0,0,1
285,鳳翔改,軽空母,39,3,14,16,12,0,0,21,16,0,0,0,1
286,扶桑改,航空戦艦,89,4,10,10,10,10,0,7,26,25,0,0,1
287,山城改,航空戦艦,89,4,10,10,10,10,0,7,26,25,0,0,1
288,翔鶴改,正規空母,79,4,24,24,24,12,0,21,24,51,0,0,1
289,鬼怒改,軽巡洋艦,59,3,1,1,1,0,0,10,39,30,0,0,1
290,阿武隈改,軽巡洋艦,59,3,1,1,1,0,0,10,40,30,0,0,1
291,千歳航改,軽空母,69,4,24,16,8,8,0,21,16,51,0,0,1
292,千代田航改,軽空母,69,4,24,16,8,8,0,21,16,51,0,0,1
293,夕張改,軽巡洋艦,69,4,0,0,0,0,0,4,48,40,0,0,1
294,舞風改,駆逐艦,49,3,0,0,0,0,0,3,15,0,0,0,1
295,衣笠改,重巡洋艦,59,4,2,2,2,2,0,6,39,14,0,0,1
296,千歳航改二,軽空母,72,4,24,16,11,8,0,21,39,51,0,0,1
297,千代田航改二,軽空母,72,4,24,16,11,8,0,21,39,51,0,0,1
300,初風改,駆逐艦,49,3,0,0,0,0,0,3,15,0,0,0,1
301,秋雲改,駆逐艦,59,3,0,0,0,0,0,15,40,0,0,0,1
302,夕雲改,駆逐艦,50,3,0,0,0,0,0,15,28,0,0,0,1
303,巻雲改,駆逐艦,50,3,0,0,0,0,0,15,47,0,0,0,1
304,長波改,駆逐艦,50,3,0,0,0,0,0,15,47,0,0,0,1
305,阿賀野改,軽巡洋艦,73,3,2,2,2,0,0,65,28,0,0,0,1
306,能代改,軽巡洋艦,72,3,2,2,2,0,0,65,28,0,0,0,1
307,矢矧改,軽巡洋艦,74,3,2,2,2,0,0,65,30,0,0,0,1
308,弥生改,駆逐艦,39,3,0,0,0,0,0,48,13,0,0,0,1
309,卯月改,駆逐艦,49,3,0,0,0,0,0,40,39,27,0,0,1
310,Z1改,駆逐艦,45,3,0,0,0,0,0,78,0,0,0,0,1
311,Z3改,駆逐艦,45,3,0,0,0,0,0,78,0,0,0,0,1
312,浜風改,駆逐艦,60,3,0,0,0,0,0,40,28,0,0,0,1
313,谷風改,駆逐艦,49,3,0,0,0,0,0,44,46,0,0,0,1
314,酒匂改,軽巡洋艦,73,3,2,2,2,0,0,0,0,0,0,0,1
316,天津風改,駆逐艦,63,3,0,0,0,0,0,15,47,87,0,0,1
317,浦風改,駆逐艦,49,3,0,0,0,0,0,91,46,0,0,0,1
318,龍鳳改,軽空母,62,4,21,9,9,6,0,21,82,51,0,0,1
319,妙高改二,重巡洋艦,80,4,2,2,4,4,0,90,90,28,0,0,1
320,磯風改,駆逐艦,64,3,0,0,0,0,0,91,44,106,0,0,1
321,大淀改,軽巡洋艦,74,4,0,6,6,0,0,65,107,106,0,0,1
322,時津風改,駆逐艦,49,3,0,0,0,0,0,15,91,0,0,0,1
323,春雨改,駆逐艦,49,3,0,0,0,0,0,63,75,0,0,0,1
324,早霜改,駆逐艦,50,3,0,0,0,0,0,28,44,27,0,0,1
325,清霜改,駆逐艦,50,3,0,0,0,0,0,28,47,27,0,0,1
326,初春改二,駆逐艦,73,3,0,0,0,0,0,63,106,40,0,0,1
327,朝雲改,駆逐艦,49,3,0,0,0,0,0,91,44,0,0,0,1
328,山雲改,駆逐艦,49,3,0,0,0,0,0,91,44,0,0,0,1
329,野分改,駆逐艦,49,3,0,0,0,0,0,91,46,0,0,0,1
330,秋月改,駆逐艦,116,3,0,0,0,0,0,122,106,40,0,0,1
331,天城,正規空母,72,4,18,24,3,6,0,40,10,0,0,0,1
332,葛城,正規空母,72,4,18,24,3,6,0,39,40,0,0,0,1
334,U-511改,潜水艦,0,2,0,0,0,0,0,0,0,0,0,0,1
343,香取改,練習巡洋艦,48,4,2,2,2,2,0,119,40,46,44,0,1
344,朝霜改,駆逐艦,62,3,0,0,0,0,0,91,47,40,0,0,1
345,高波改,駆逐艦,50,3,0,0,0,0,0,129,28,27,0,0,1
346,照月改,駆逐艦,114,3,0,0,0,0,0,122,106,40,0,0,1
347,Libeccio改,駆逐艦,59,3,0,0,0,0,0,147,147,0,0,0,1
348,瑞穂改,水上機母艦,44,3,12,12,8,0,0,59,41,39,0,0,1
349,風雲改,駆逐艦,51,3,0,0,0,0,0,129,28,27,0,0,1
350,海風改,駆逐艦,50,3,0,0,0,0,0,63,44,0,0,0,1
351,江風改,駆逐艦,49,3,0,0,0,0,0,63,28,0,0,0,1
352,速吸改,補給艦,48,3,6,3,1,0,0,18,146,40,0,0,1
353,Graf Zeppelin改,正規空母,80,4,30,13,10,3,0,159,64,160,0,0,1
354,嵐改,駆逐艦,49,3,0,0,0,0,0,91,45,0,0,0,1
355,萩風改,駆逐艦,49,3,0,0,0,0,0,91,15,0,0,0,1
356,鹿島改,練習巡洋艦,62,4,2,2,2,2,0,119,74,47,44,0,1
357,初月改,駆逐艦,110,3,0,0,0,0,0,122,106,40,0,0,1
358,Zara改,重巡洋艦,72,4,2,2,2,2,0,162,163,0,0,0,1
359,沖波改,駆逐艦,50,3,0,0,0,0,0,27,28,40,0,0,1
360,Iowa改,巡洋戦艦,120,4,4,4,4,4,0,161,172,173,171,0,1
361,Pola改,重巡洋艦,73,4,2,2,2,2,0,162,164,0,0,0,1
362,親潮改,駆逐艦,48,3,0,0,0,0,0,63,15,0,0,0,1
363,春風改,駆逐艦,56,3,0,0,0,0,0,1,174,39,0,0,1
364,Warspite改,戦艦,98,4,3,3,3,3,0,190,191,0,0,0,1
365,Aquila改,正規空母,72,4,15,26,15,10,0,184,188,0,0,0,1
366,水無月改,駆逐艦,39,3,0,0,0,0,0,48,13,27,0,0,1
367,伊26改,潜水空母,0,2,1,1,0,0,0,0,0,0,0,0,1
368,浦波改,駆逐艦,54,3,0,0,0,0,0,91,39,0,0,0,1
369,山風改,駆逐艦,49,3,0,0,0,0,0,63,46,44,0,0,1
370,朝風改,駆逐艦,52,3,0,0,0,0,0,1,174,44,0,0,1
371,松風改,駆逐艦,50,3,0,0,0,0,0,1,46,44,0,0,1
372,Commandant Teste改,水上機母艦,48,4,12,12,7,7,0,194,0,0,0,0,1
373,藤波改,駆逐艦,58,3,0,0,0,0,0,28,27,39,0,0,1
374,伊13改,潜水空母,0,3,2,1,0,0,0,211,0,0,0,0,1
375,伊14改,潜水空母,0,3,2,1,0,0,0,62,0,0,0,0,1
376,占守改,海防艦,53,3,0,0,0,0,0,44,226,39,0,0,1
377,国後改,海防艦,52,3,0,0,0,0,0,229,44,0,0,0,1
380,大鷹改,軽空母,42,4,14,14,5,3,0,82,16,0,0,0,1
383,択捉改,海防艦,54,3,0,0,0,0,0,229,226,39,0,0,1
384,松輪改,海防艦,55,3,0,0,0,0,0,229,226,39,0,0,1
385,佐渡改,海防艦,54,3,0,0,0,0,0,229,226,39,0,0,1
386,対馬改,海防艦,53,3,0,0,0,0,0,229,46,226,0,0,1
387,旗風改,駆逐艦,51,3,0,0,0,0,0,1,46,44,0,0,1
390,天霧改,駆逐艦,50,3,0,0,0,0,0,63,125,39,0,0,1
391,狭霧改,駆逐艦,49,3,0,0,0,0,0,63,44,49,0,0,1
392,Richelieu改,巡洋戦艦,78,4,3,3,3,3,0,246,247,0,0,0,1
393,Ark Royal改,正規空母,82,4,24,30,12,12,0,249,242,191,0,0,1
398,伊168改,潜水艦,0,2,0,0,0,0,0,0,0,0,0,0,1
399,伊58改,潜水空母,0,2,1,1,0,0,0,0,0,0,0,0,1
400,伊8改,潜水空母,0,2,1,1,0,0,0,0,0,0,0,0,1
401,伊19改,潜水空母,0,2,1,1,0,0,0,0,0,0,0,0,1
402,まるゆ改,潜水艦,0,1,0,0,0,0,0,0,0,0,0,0,1
403,伊401改,潜水空母,0,2,3,3,0,0,0,62,0,0,0,0,1
404,雲龍,正規空母,72,4,18,24,3,6,0,40,51,0,0,0,1
405,春雨,駆逐艦,39,2,0,0,0,0,0,2,92,0,0,0,1
406,雲龍改,正規空母,78,4,18,21,27,3,0,109,111,112,54,0,1
407,潮改二,駆逐艦,76,3,0,0,0,0,0,40,39,44,0,0,1
408,隼鷹改二,軽空母,74,4,24,18,20,4,0,22,106,30,51,0,1
409,早霜,駆逐艦,39,2,0,0,0,0,0,2,39,0,0,0,1
410,清霜,駆逐艦,39,2,0,0,0,0,0,2,39,0,0,0,1
411,扶桑改二,航空戦艦,88,4,4,4,9,23,0,105,8,51,80,0,1
412,山城改二,航空戦艦,87,4,4,4,9,23,0,105,8,74,80,0,1
413,朝雲,駆逐艦,39,2,0,0,0,0,0,2,14,0,0,0,1
414,山雲,駆逐艦,39,2,0,0,0,0,0,2,14,0,0,0,1
415,野分,駆逐艦,44,2,0,0,0,0,0,2,14,0,0,0,1
416,古鷹改二,重巡洋艦,64,4,2,2,2,2,0,90,90,74,0,0,1
417,加古改二,重巡洋艦,65,4,2,2,2,2,0,90,90,74,39,0,1
418,皐月改二,駆逐艦,82,3,0,0,0,0,0,131,125,106,0,0,1
419,初霜改二,駆逐艦,81,3,0,0,0,0,0,91,106,120,0,0,1
420,叢雲改二,駆逐艦,74,3,0,0,0,0,0,91,91,125,0,0,1
421,秋月,駆逐艦,104,3,0,0,0,0,0,122,15,39,0,0,1
422,照月,駆逐艦,103,3,0,0,0,0,0,122,15,39,0,0,1
423,初月,駆逐艦,101,3,0,0,0,0,0,122,15,40,0,0,1
424,高波,駆逐艦,39,2,0,0,0,0,0,2,39,0,0,0,1
425,朝霜,駆逐艦,44,2,0,0,0,0,0,2,46,0,0,0,1
426,吹雪改二,駆逐艦,78,3,0,0,0,0,0,125,121,106,0,0,1
427,鳥海改二,重巡洋艦,70,4,3,3,3,3,0,90,129,74,88,0,1
428,摩耶改二,重巡洋艦,106,4,3,3,3,3,0,90,131,121,10,0,1
429,天城改,正規空母,79,4,18,21,27,3,0,109,111,112,51,0,1
430,葛城改,正規空母,78,4,18,21,27,3,0,109,113,39,51,0,1
431,U-511,潜水艦,0,1,0,0,0,0,0,126,0,0,0,0,1
432,Graf Zeppelin,正規空母,70,3,20,13,10,0,0,158,160,0,0,0,1
433,Saratoga,正規空母,73,4,27,19,19,15,0,197,196,0,0,0,1
434,睦月改二,駆逐艦,56,3,0,0,0,0,0,91,125,34,0,0,1
435,如月改二,駆逐艦,57,3,0,0,0,0,0,91,125,34,0,0,1
436,呂500,潜水艦,0,2,0,0,0,0,0,127,0,0,0,0,1
437,暁改二,駆逐艦,59,3,0,0,0,0,0,91,74,125,0,0,1
438,Saratoga改,正規空母,93,4,36,18,18,18,0,198,195,0,0,0,1
439,Warspite,戦艦,88,4,3,3,3,3,0,190,0,0,0,0,1
440,Iowa,巡洋戦艦,96,4,4,4,4,4,0,161,172,0,0,0,1
441,Littorio,巡洋戦艦,72,4,3,3,3,3,0,133,134,136,0,0,1
442,Roma,巡洋戦艦,74,4,3,3,3,3,0,133,134,136,0,0,1
443,Libeccio,駆逐艦,41,2,0,0,0,0,0,147,0,0,0,0,1
444,Aquila,正規空母,48,3,10,26,15,0,0,184,0,0,0,0,1
445,秋津洲,水上機母艦,36,2,1,1,0,0,0,10,39,0,0,0,1
446,Italia,巡洋戦艦,90,4,3,3,3,3,0,137,134,135,0,0,1
447,Roma改,巡洋戦艦,94,4,3,3,3,3,0,137,134,135,0,0,1
448,Zara,重巡洋艦,62,3,2,2,2,0,0,162,0,0,0,0,1
449,Pola,重巡洋艦,64,3,2,2,2,0,0,162,0,0,0,0,1
450,秋津洲改,水上機母艦,44,3,1,1,1,0,0,138,40,0,0,0,1
451,瑞穂,水上機母艦,32,2,12,12,0,0,0,10,59,0,0,0,1
452,沖波,駆逐艦,38,2,0,0,0,0,0,2,39,0,0,0,1
453,風雲,駆逐艦,40,2,0,0,0,0,0,2,39,0,0,0,1
454,嵐,駆逐艦,39,2,0,0,0,0,0,2,44,0,0,0,1
455,萩風,駆逐艦,39,2,0,0,0,0,0,2,39,0,0,0,1
456,親潮,駆逐艦,37,2,0,0,0,0,0,2,14,0,0,0,1
457,山風,駆逐艦,38,2,0,0,0,0,0,2,0,0,0,0,1
458,海風,駆逐艦,40,2,0,0,0,0,0,2,0,0,0,0,1
459,江風,駆逐艦,39,2,0,0,0,0,0,2,0,0,0,0,1
460,速吸,補給艦,32,2,6,1,0,0,0,26,146,0,0,0,1
461,翔鶴改二,正規空母,88,4,27,27,27,12,0,0,0,0,0,0,1
462,瑞鶴改二,正規空母,90,4,28,26,26,13,0,0,0,0,0,0,1
463,朝潮改二,駆逐艦,60,3,0,0,0,0,0,0,0,0,0,0,1
464,霞改二,駆逐艦,72,3,0,0,0,0,0,0,0,0,0,0,1
465,鹿島,練習巡洋艦,46,3,1,1,1,0,0,119,10,44,0,0,1
466,翔鶴改二甲,装甲空母,88,4,34,21,12,9,0,0,0,0,0,0,1
467,瑞鶴改二甲,装甲空母,90,4,34,24,12,6,0,0,0,0,0,0,1
468,朝潮改二丁,駆逐艦,74,3,0,0,0,0,0,0,0,0,0,0,1
469,江風改二,駆逐艦,64,3,0,0,0,0,0,63,15,101,0,0,1
470,霞改二乙,駆逐艦,80,3,0,0,0,0,0,0,0,0,0,0,1
471,神風,駆逐艦,26,2,0,0,0,0,0,1,174,0,0,0,1
472,朝風,駆逐艦,27,2,0,0,0,0,0,1,174,0,0,0,1
473,春風,駆逐艦,28,2,0,0,0,0,0,1,174,0,0,0,1
474,松風,駆逐艦,25,2,0,0,0,0,0,1,174,0,0,0,1
475,旗風,駆逐艦,24,2,0,0,0,0,0,1,174,0,0,0,1
476,神風改,駆逐艦,48,3,0,0,0,0,0,1,174,28,0,0,1
478,龍田改二,軽巡洋艦,80,3,1,1,1,0,0,91,45,174,0,0,1
479,天霧,駆逐艦,39,2,0,0,0,0,0,2,0,0,0,0,1
480,狭霧,駆逐艦,39,2,0,0,0,0,0,2,0,0,0,0,1
481,水無月,駆逐艦,29,2,0,0,0,0,0,1,0,0,0,0,1
483,伊26,潜水艦,0,1,0,0,0,0,0,0,0,0,0,0,1
485,藤波,駆逐艦,42,2,0,0,0,0,0,2,39,0,0,0,1
486,浦波,駆逐艦,39,2,0,0,0,0,0,2,13,0,0,0,1
487,鬼怒改二,軽巡洋艦,86,3,1,1,1,0,0,91,131,68,0,0,1
488,由良改二,軽巡洋艦,88,3,1,2,1,0,0,229,238,0,0,0,1
489,満潮改二,駆逐艦,64,3,0,0,0,0,0,266,74,28,0,0,1
490,荒潮改二,駆逐艦,70,3,0,0,0,0,0,68,74,15,0,0,1
491,Commandant Teste,水上機母艦,40,3,12,7,7,0,0,194,0,0,0,0,1
492,Richelieu,巡洋戦艦,70,4,3,3,3,3,0,245,247,0,0,0,1
493,伊400,潜水空母,0,1,3,0,0,0,0,0,0,0,0,0,1
494,伊13,潜水空母,0,2,2,0,0,0,0,0,0,0,0,0,1
495,伊14,潜水空母,0,2,2,0,0,0,0,0,0,0,0,0,1
496,Zara due,重巡洋艦,90,4,6,3,3,3,0,164,162,72,0,0,1
498,村雨改二,駆逐艦,70,3,0,0,0,0,0,266,15,40,0,0,1
499,神威改,水上機母艦,28,3,11,8,3,0,0,0,0,0,0,0,1
500,神威改母,補給艦,34,3,1,1,1,0,0,0,0,0,0,0,1
503,鈴谷改二,航空巡洋艦,85,4,3,3,7,11,0,0,0,0,0,0,1
504,熊野改二,航空巡洋艦,84,4,3,3,7,11,0,0,0,0,0,0,1
508,鈴谷航改二,軽空母,87,4,15,12,12,8,0,0,0,0,0,0,1
509,熊野航改二,軽空母,86,4,15,12,12,8,0,0,0,0,0,0,1
511,Гангут,巡洋戦艦,58,4,1,1,1,1,0,231,231,0,0,0,1
512,Октябрьская революция,巡洋戦艦,65,4,1,1,1,1,0,232,0,0,0,0,1
513,Гангут два,巡洋戦艦,72,4,1,1,2,2,0,232,0,0,0,0,1
515,Ark Royal,正規空母,72,4,18,30,12,12,0,248,242,0,0,0,1
517,占守,海防艦,24,2,0,0,0,0,0,1,39,0,0,0,1
518,国後,海防艦,22,2,0,0,0,0,0,1,39,0,0,0,1
521,春日丸,軽空母,24,2,14,9,0,0,0,228,0,0,0,0,1
524,択捉,海防艦,27,2,0,0,0,0,0,1,39,0,0,0,1
525,松輪,海防艦,28,2,0,0,0,0,0,1,39,0,0,0,1
526,大鷹,軽空母,27,3,14,11,2,0,0,228,16,0,0,0,1
529,大鷹改二,軽空母,54,4,14,14,8,3,0,83,0,0,0,0,1
530,伊504,潜水艦,28,2,0,0,0,0,0,0,0,0,0,0,1
531,佐渡,海防艦,29,2,0,0,0,0,0,1,39,0,0,0,1
532,涼月,駆逐艦,102,3,0,0,0,0,0,122,27,40,0,0,1
535,Luigi Torelli,潜水艦,18,1,0,0,0,0,0,0,0,0,0,0,1
537,涼月改,駆逐艦,116,3,0,0,0,0,0,122,106,40,0,0,1
539,UIT-25,潜水艦,25,2,0,0,0,0,0,0,0,0,0,0,1
540,対馬,海防艦,27,2,0,0,0,0,0,1,39,0,0,0,1
541,長門改二,戦艦,100,4,3,3,6,3,0,8,105,71,73,0,1
543,長波改二,駆逐艦,64,3,0,0,0,0,0,267,15,39,0,0,1
545,Saratoga Mk.II,正規空母,94,4,32,24,18,6,0,0,0,0,0,0,1
547,多摩改二,軽巡洋艦,83,3,1,1,1,0,0,91,15,0,0,0,1
548,文月改二,駆逐艦,82,3,0,0,0,0,0,131,40,106,0,0,1
550,Saratoga Mk.II Mod.2,装甲空母,94,4,37,24,19,13,0,0,0,0,0,0,1
605,Luigi Torelli改,潜水艦,22,2,0,0,0,0,0,0,0,0,0,0,1
606,伊400改,潜水空母,0,2,3,3,0,0,0,62,0,0,0,0,1
1501,駆逐イ級,駆逐艦,6,2,0,0,0,0,0,501,0,0,0,0,0
1502,駆逐ロ級,駆逐艦,7,2,0,0,0,0,0,502,0,0,0,0,0
1503,駆逐ハ級,駆逐艦,6,2,0,0,0,0,0,502,513,0,0,0,0
1504,駆逐ニ級,駆逐艦,8,2,0,0,0,0,0,502,513,0,0,0,0
1505,軽巡ホ級,軽巡洋艦,10,2,1,1,0,0,0,504,525,0,0,0,0
1506,軽巡ヘ級,軽巡洋艦,12,2,1,1,0,0,0,506,525,0,0,0,0
1507,軽巡ト級,軽巡洋艦,12,3,2,2,2,0,0,506,513,525,0,0,0
1508,雷巡チ級,重雷装巡洋艦,10,3,2,2,2,0,0,504,513,513,0,0,0
1509,重巡リ級,重巡洋艦,16,3,3,3,3,0,0,505,513,525,0,0,0
1510,軽母ヌ級,軽空母,15,3,18,18,18,0,0,519,523,516,0,0,0
1511,戦艦ル級,戦艦,70,3,3,3,3,0,0,509,512,525,0,0,0
1512,空母ヲ級,正規空母,30,3,27,27,27,0,0,519,523,516,0,0,0
1513,輸送ワ級,補給艦,0,0,0,0,0,0,0,0,0,0,0,0,0
1514,駆逐イ級elite,駆逐艦,10,2,0,0,0,0,0,501,514,0,0,0,0
1515,駆逐ロ級elite,駆逐艦,12,2,0,0,0,0,0,502,514,0,0,0,0
1516,駆逐ハ級elite,駆逐艦,14,2,0,0,0,0,0,502,515,0,0,0,0
1517,駆逐ニ級elite,駆逐艦,18,2,0,0,0,0,0,502,515,0,0,0,0
1518,軽巡ホ級elite,軽巡洋艦,20,2,1,1,0,0,0,504,525,0,0,0,0
1519,軽巡ヘ級elite,軽巡洋艦,23,2,1,1,0,0,0,506,525,0,0,0,0
1520,軽巡ト級elite,軽巡洋艦,24,3,2,2,2,0,0,506,513,525,0,0,0
1521,雷巡チ級elite,重雷装巡洋艦,20,3,2,2,2,0,0,506,514,514,0,0,0
1522,重巡リ級elite,重巡洋艦,30,4,3,3,3,3,0,505,506,525,525,0,0
1523,軽母ヌ級elite,軽空母,15,3,24,24,24,0,0,520,523,516,0,0,0
1524,戦艦ル級elite,戦艦,70,4,3,3,3,3,0,509,509,512,528,0,0
1525,空母ヲ級elite,正規空母,40,3,30,30,30,0,0,520,517,524,0,0,0
1526,輸送ワ級elite,補給艦,0,3,0,0,0,0,0,501,503,503,0,0,0
1527,重巡リ級flagship,重巡洋艦,40,4,4,4,4,4,0,505,506,515,525,0,0
1528,空母ヲ級flagship,正規空母,50,3,32,32,32,0,0,520,517,524,0,0,0
1529,戦艦ル級flagship,戦艦,80,4,5,5,5,5,0,509,509,525,528,0,0
1530,潜水カ級,潜水艦,0,2,0,0,0,0,0,513,513,0,0,0,0
1531,潜水ヨ級,潜水艦,0,2,0,0,0,0,0,514,514,0,0,0,0
1532,潜水カ級elite,潜水艦,0,3,0,0,0,0,0,515,513,513,0,0,0
1533,潜水ヨ級elite,潜水艦,0,3,0,0,0,0,0,515,514,514,0,0,0
1534,潜水カ級flagship,潜水艦,0,3,0,0,0,0,0,515,515,513,0,0,0
1535,潜水ヨ級flagship,潜水艦,0,3,0,0,0,0,0,515,515,514,0,0,0
1536,浮遊要塞,航空戦艦,20,3,30,30,30,0,0,505,520,517,0,0,0
1537,浮遊要塞,航空戦艦,20,3,30,30,30,0,0,505,520,517,0,0,0
1538,浮遊要塞,航空戦艦,20,3,30,30,30,0,0,505,520,517,0,0,0
1539,泊地棲鬼,航空戦艦,70,3,60,60,60,0,0,536,520,524,0,0,0
1540,泊地棲姫,航空戦艦,80,3,60,60,60,0,0,536,520,524,0,0,0
1541,戦艦タ級,巡洋戦艦,60,4,4,4,4,4,0,508,508,512,525,0,0
1542,戦艦タ級elite,巡洋戦艦,65,4,4,4,4,4,0,509,508,512,528,0,0
1543,戦艦タ級flagship,巡洋戦艦,70,4,4,4,4,4,0,509,509,525,529,0,0
1544,装甲空母鬼,航空戦艦,60,3,80,80,0,0,0,520,524,508,0,0,0
1545,装甲空母姫,航空戦艦,70,3,96,96,0,0,0,520,517,508,0,0,0
1546,南方棲鬼,航空戦艦,70,3,0,0,50,0,0,509,505,520,0,0,0
1547,南方棲戦鬼,航空戦艦,80,3,0,70,70,0,0,509,520,524,0,0,0
1548,南方棲戦姫,航空戦艦,80,3,0,0,90,0,0,509,509,520,0,0,0
1549,護衛要塞,航空戦艦,20,3,0,35,35,0,0,505,520,524,0,0,0
1550,護衛要塞,航空戦艦,20,3,0,35,35,0,0,505,520,517,0,0,0
1551,護衛要塞,航空戦艦,20,3,0,35,35,0,0,505,520,517,0,0,0
1552,駆逐ロ級flagship,駆逐艦,24,3,0,0,0,0,0,502,515,542,0,0,0
1553,駆逐ハ級flagship,駆逐艦,24,3,0,0,0,0,0,502,515,542,0,0,0
1554,軽巡ホ級flagship,軽巡洋艦,27,3,2,2,2,0,0,504,542,543,0,0,0
1555,軽巡ヘ級flagship,軽巡洋艦,30,4,2,2,2,2,0,506,525,542,543,0,0
1556,飛行場姫,航空戦艦,120,4,98,98,98,98,0,520,520,524,517,0,0
1557,戦艦棲姫,戦艦,80,4,0,0,0,0,0,509,509,512,529,0,0
1558,輸送ワ級flagship,補給艦,40,3,0,0,0,0,0,506,504,504,0,0,0
1559,雷巡チ級flagship,重雷装巡洋艦,30,3,1,1,1,0,0,506,515,515,0,0,0
1560,軽母ヌ級flagship,軽空母,36,4,22,22,22,22,0,520,524,524,517,0,0
1561,戦艦レ級,航空戦艦,80,4,0,0,0,140,0,509,512,515,546,0,0
1562,戦艦レ級elite,航空戦艦,100,4,0,0,0,180,0,509,512,541,546,0,0
1564,駆逐イ級flagship,駆逐艦,24,3,0,0,0,0,0,531,545,542,0,0,0
1565,空母ヲ級改flagship,正規空母,90,4,36,36,36,36,0,521,524,518,518,0,0
1566,重巡リ級改flagship,重巡洋艦,58,4,4,4,4,4,0,505,505,515,526,0,0
1567,戦艦ル級改flagship,戦艦,88,4,5,5,5,5,0,509,509,529,526,0,0
1570,潜水ソ級,潜水艦,0,2,0,0,0,0,0,515,503,0,0,0,0
1571,潜水ソ級elite,潜水艦,0,3,0,0,0,0,0,515,515,503,0,0,0
1572,潜水ソ級flagship,潜水艦,0,3,0,0,0,0,0,515,515,515,0,0,0
1573,港湾棲姫,航空戦艦,150,4,80,80,80,80,0,521,524,517,517,0,0
1574,離島棲鬼,航空戦艦,100,4,90,90,90,90,0,521,524,518,518,0,0
1575,駆逐イ級後期型,駆逐艦,30,3,0,0,0,0,0,502,545,542,0,0,0
1576,駆逐ロ級後期型,駆逐艦,32,3,0,0,0,0,0,502,545,542,0,0,0
1577,駆逐ハ級後期型,駆逐艦,36,3,0,0,0,0,0,502,515,542,0,0,0
1578,駆逐ニ級後期型,駆逐艦,38,3,0,0,0,0,0,502,515,542,0,0,0
1579,空母ヲ級flagship,正規空母,50,4,32,32,27,5,0,547,548,549,549,0,0
1581,北方棲姫,航空戦艦,130,4,0,72,64,36,0,504,521,548,517,0,0
1582,北方棲姫,航空戦艦,160,4,0,72,80,40,0,504,547,548,549,0,0
1583,中間棲姫,航空戦艦,140,5,0,64,58,58,0,505,547,548,549,0,0
1584,中間棲姫,航空戦艦,180,5,0,84,96,0,0,505,547,548,532,0,0
1585,空母棲鬼,正規空母,100,4,48,48,48,0,0,547,548,549,532,0,0
1586,空母棲姫,正規空母,130,4,60,52,56,0,0,547,548,549,532,0,0
1587,北方棲姫,航空戦艦,120,4,0,72,64,36,0,504,521,548,517,0,0
1588,北方棲姫,航空戦艦,140,4,0,72,72,40,0,504,547,548,549,0,0
1589,北方棲姫,航空戦艦,100,4,0,64,48,36,0,504,521,548,517,0,0
1590,北方棲姫,航空戦艦,120,4,0,64,68,40,0,504,547,548,549,0,0
1591,軽巡ツ級,軽巡洋艦,88,4,0,0,3,3,0,550,550,545,525,0,0
1592,軽巡ツ級elite,軽巡洋艦,96,4,0,0,3,3,0,550,550,545,525,0,0
1594,重巡ネ級,重巡洋艦,72,4,0,0,0,4,0,0,0,0,0,0,0
1595,重巡ネ級elite,重巡洋艦,79,4,0,0,0,4,0,0,0,0,0,0,0
1597,駆逐棲姫,駆逐艦,60,3,0,0,0,0,0,0,0,0,0,0,0
1598,駆逐棲姫,駆逐艦,60,3,0,0,0,0,0,0,0,0,0,0,0
1599,空母水鬼,正規空母,110,4,66,60,60,0,0,0,0,0,0,0,0
1600,空母水鬼,正規空母,140,4,66,60,60,0,0,0,0,0,0,0,0
1601,軽巡棲鬼,軽巡洋艦,60,4,0,0,0,3,0,0,0,0,0,0,0
1602,軽巡棲鬼,軽巡洋艦,60,4,0,0,0,3,0,0,0,0,0,0,0
1603,戦艦水鬼,戦艦,88,4,0,0,0,6,0,0,0,0,0,0,0
1604,戦艦水鬼,戦艦,96,4,0,0,0,6,0,551,551,529,525,0,0
1605,港湾水鬼,航空戦艦,100,4,0,0,90,90,0,551,551,547,548,0,0
1606,港湾水鬼,航空戦艦,120,4,0,0,108,108,0,551,551,547,548,0,0
1607,港湾水鬼,航空戦艦,140,4,0,0,108,108,0,551,551,547,548,0,0
1608,港湾水鬼,航空戦艦,160,4,0,0,130,130,0,551,551,547,548,0,0
1609,泊地水鬼,航空戦艦,80,4,0,0,0,120,0,0,0,0,0,0,0
1610,泊地水鬼,航空戦艦,90,4,0,0,0,140,0,0,0,0,0,0,0
1611,泊地水鬼,航空戦艦,100,4,0,0,0,160,0,0,0,0,0,0,0
1612,泊地水鬼,航空戦艦,110,4,0,0,0,180,0,0,0,0,0,0,0
1613,港湾棲姫,航空戦艦,170,4,0,0,0,180,0,552,552,536,549,0,0
1614,空母ヲ級flagship,正規空母,50,4,32,32,27,5,0,556,548,558,549,0,0
1615,空母ヲ級flagship,正規空母,50,4,32,32,27,5,0,556,557,558,558,0,0
1616,空母ヲ級改flagship,正規空母,90,4,36,36,36,36,0,547,548,549,549,0,0
1617,空母ヲ級改flagship,正規空母,90,4,36,36,36,36,0,556,548,558,549,0,0
1618,空母ヲ級改flagship,正規空母,90,4,36,36,36,36,0,556,557,558,558,0,0
1619,空母棲鬼,正規空母,100,4,36,36,36,36,0,556,557,558,532,0,0
1620,空母棲姫,正規空母,130,4,36,36,36,36,0,556,557,558,532,0,0
1621,駆逐イ級後期型elite,駆逐艦,40,3,0,0,0,0,0,502,502,559,0,0,0
1622,駆逐ロ級後期型elite,駆逐艦,44,3,0,0,0,0,0,502,502,559,0,0,0
1623,駆逐ハ級後期型elite,駆逐艦,48,3,0,0,0,0,0,502,559,544,0,0,0
1624,駆逐ニ級後期型elite,駆逐艦,48,3,0,0,0,0,0,502,502,559,0,0,0
1625,水母棲姫,水上機母艦,70,4,0,0,0,32,0,550,550,541,554,0,0
1626,水母棲姫,水上機母艦,80,4,0,0,0,64,0,550,550,541,555,0,0
1627,水母棲姫,水上機母艦,90,4,0,0,0,96,0,550,550,541,555,0,0
1628,防空棲姫,駆逐艦,300,3,0,0,0,0,0,553,553,531,0,0,0
1629,防空棲姫,駆逐艦,360,3,0,0,0,0,0,553,553,531,0,0,0
1630,防空棲姫,駆逐艦,390,3,0,0,0,0,0,553,553,531,0,0,0
1631,飛行場姫,航空戦艦,120,4,98,98,98,98,0,556,548,558,549,0,0
1632,飛行場姫,航空戦艦,130,4,98,98,98,98,0,556,557,558,549,0,0
1633,飛行場姫,航空戦艦,140,4,98,98,98,98,0,556,557,558,558,0,0
1634,離島棲鬼,航空戦艦,100,4,90,90,90,90,0,556,557,548,549,0,0
1635,離島棲鬼,航空戦艦,110,4,90,90,90,90,0,556,557,548,558,0,0
1636,離島棲鬼,航空戦艦,120,4,90,90,90,90,0,556,557,558,558,0,0
1637,PT小鬼群,駆逐艦,9,2,0,0,0,0,0,515,0,0,0,0,0
1638,PT小鬼群,駆逐艦,18,2,0,0,0,0,0,515,515,0,0,0,0
1639,PT小鬼群,駆逐艦,18,2,0,0,0,0,0,515,515,0,0,0,0
1640,PT小鬼群,駆逐艦,24,2,0,0,0,0,0,515,515,0,0,0,0
1641,軽巡棲姫,軽巡洋艦,50,4,0,0,0,0,0,511,511,515,560,0,0
1642,軽巡棲姫,軽巡洋艦,55,4,0,0,0,0,0,511,511,515,560,0,0
1643,軽巡棲姫,軽巡洋艦,55,4,0,0,0,0,0,511,511,515,560,0,0
1644,潜水棲姫,潜水艦,0,3,0,0,0,0,0,515,515,515,0,0,0
1645,潜水棲姫,潜水艦,0,3,0,0,0,0,0,541,515,515,0,0,0
1646,潜水棲姫,潜水艦,0,3,0,0,0,0,0,541,541,515,0,0,0
1647,駆逐水鬼,駆逐艦,85,4,0,0,0,0,0,502,502,515,531,0,0
1648,駆逐水鬼,駆逐艦,80,4,0,0,0,0,0,502,502,515,531,0,0
1649,駆逐水鬼,駆逐艦,90,4,0,0,0,0,0,502,502,541,531,0,0
1650,飛行場姫,航空戦艦,120,4,12,12,6,6,0,561,561,561,561,0,0
1651,飛行場姫,航空戦艦,120,4,24,12,6,6,0,562,561,561,561,0,0
1652,飛行場姫,航空戦艦,120,4,24,24,12,12,0,562,562,561,561,0,0
1653,集積地棲姫,航空戦艦,60,4,12,12,6,6,0,561,561,561,561,0,0
1654,集積地棲姫,航空戦艦,70,4,24,12,6,6,0,562,561,561,561,0,0
1655,集積地棲姫,航空戦艦,80,4,24,24,12,12,0,562,562,561,561,0,0
1656,集積地棲姫-壊,航空戦艦,70,4,24,12,6,6,0,562,561,561,561,0,0
1657,集積地棲姫-壊,航空戦艦,80,4,24,24,12,12,0,562,562,561,561,0,0
1658,集積地棲姫-壊,航空戦艦,90,4,36,24,24,12,0,562,562,562,561,0,0
1659,重巡棲姫,重巡洋艦,72,4,0,0,0,0,0,563,563,515,564,0,0
1660,重巡棲姫,重巡洋艦,79,4,0,0,0,0,0,563,563,515,564,0,0
1661,重巡棲姫,重巡洋艦,86,4,0,0,0,0,0,563,563,515,564,0,0
1662,重巡棲姫,重巡洋艦,79,4,0,0,0,0,0,563,563,515,564,0,0
1663,重巡棲姫,重巡洋艦,86,4,0,0,0,0,0,563,563,515,564,0,0
1664,重巡棲姫,重巡洋艦,93,4,0,0,0,0,0,563,563,541,564,0,0
1665,砲台小鬼,戦艦,65,4,0,0,0,0,0,565,565,539,567,0,0
1666,砲台小鬼,戦艦,75,4,0,0,0,0,0,565,540,539,567,0,0
1667,砲台小鬼,戦艦,85,4,0,0,0,0,0,565,553,539,567,0,0
1668,離島棲姫,正規空母,120,4,16,16,8,8,0,562,561,561,566,0,0
1669,離島棲姫,正規空母,120,4,20,20,12,12,0,562,561,566,566,0,0
1671,離島棲姫,航空戦艦,120,4,32,32,32,32,0,565,565,566,566,0,0
1672,離島棲姫,戦艦,120,4,0,0,0,0,0,565,565,540,567,0,0
1673,駆逐古鬼,駆逐艦,58,4,0,0,0,0,0,501,501,541,531,0,0
1674,駆逐古鬼,駆逐艦,64,4,0,0,0,0,0,501,501,541,531,0,0
1675,駆逐古鬼,駆逐艦,81,4,0,0,0,0,0,501,501,541,531,0,0
1676,駆逐水鬼,駆逐艦,70,4,0,0,0,0,0,502,502,515,531,0,0
1677,駆逐水鬼,駆逐艦,80,4,0,0,0,0,0,502,502,515,531,0,0
1678,駆逐水鬼,駆逐艦,90,4,0,0,0,0,0,502,502,541,531,0,0
1679,リコリス棲姫,正規空母,120,4,24,24,24,24,0,561,561,556,566,0,0
1680,リコリス棲姫,正規空母,130,4,30,30,30,30,0,562,561,556,566,0,0
1681,リコリス棲姫,正規空母,140,4,36,36,36,36,0,562,562,556,566,0,0
1682,リコリス棲姫,正規空母,120,4,24,24,24,24,0,562,561,556,566,0,0
1683,リコリス棲姫,正規空母,120,4,36,36,36,36,0,562,562,556,566,0,0
1684,中枢棲姫,戦艦,100,4,0,0,0,0,0,568,568,569,567,0,0
1685,中枢棲姫,戦艦,120,4,0,0,16,0,0,568,568,569,567,0,0
1686,中枢棲姫,戦艦,180,4,0,0,0,0,0,568,568,569,567,0,0
1687,中枢棲姫-壊,戦艦,100,4,0,0,16,0,0,568,568,569,567,0,0
1688,中枢棲姫-壊,戦艦,140,4,0,0,16,0,0,568,568,569,567,0,0
1689,中枢棲姫-壊,戦艦,180,4,0,0,0,0,0,568,568,569,567,0,0
1690,駆逐古姫,駆逐艦,70,4,0,0,0,0,0,502,502,541,559,0,0
1691,駆逐古姫,駆逐艦,80,4,0,0,0,0,0,502,502,541,559,0,0
1692,駆逐古姫,駆逐艦,90,4,0,0,0,0,0,502,502,541,559,0,0
1693,潜水夏姫flagship,潜水艦,0,3,0,0,0,0,0,570,515,0,0,0,0
1694,潜水夏姫flagship,潜水艦,0,3,0,0,0,0,0,570,570,515,0,0,0
1695,潜水夏姫flagship,潜水艦,0,3,0,0,0,0,0,570,570,570,0,0,0
1696,戦艦夏姫,戦艦,80,4,0,0,0,0,0,509,509,0,0,0,0
1697,戦艦夏姫,戦艦,84,4,0,0,0,0,0,509,509,512,0,0,0
1698,戦艦夏姫,戦艦,88,4,0,0,0,0,0,509,509,512,529,0,0
1699,港湾夏姫,航空戦艦,170,4,0,0,81,81,0,552,552,561,561,0,0
1700,港湾夏姫,航空戦艦,180,4,0,0,96,81,0,552,552,562,561,0,0
1701,港湾夏姫,航空戦艦,188,4,0,0,96,96,0,552,552,562,562,0,0
1702,港湾夏姫-壊,航空戦艦,170,4,0,0,81,81,0,552,552,561,561,0,0
1703,港湾夏姫-壊,航空戦艦,180,4,0,0,96,81,0,552,552,562,561,0,0
1704,港湾夏姫-壊,航空戦艦,188,4,0,0,96,96,0,552,552,562,562,0,0
1705,重巡夏姫,重巡洋艦,72,4,0,0,0,4,0,563,563,515,564,0,0
1706,重巡夏姫,重巡洋艦,79,4,0,0,0,4,0,563,563,515,564,0,0
1707,重巡夏姫,重巡洋艦,86,4,0,0,0,4,0,563,563,515,564,0,0
1708,水母水姫,水上機母艦,100,4,0,0,12,14,0,501,541,571,571,0,0
1709,水母水姫,水上機母艦,110,4,0,0,24,28,0,501,541,571,571,0,0
1710,水母水姫,水上機母艦,120,4,0,0,36,42,0,501,541,571,571,0,0
1711,深海海月姫,正規空母,120,4,36,18,18,18,0,556,557,558,556,0,0
1712,深海海月姫,正規空母,130,4,39,39,39,39,0,572,557,558,572,0,0
1713,深海海月姫,正規空母,140,4,48,48,48,36,0,572,557,558,572,0,0
1714,空母ヲ級改flagship,正規空母,90,4,36,36,28,28,0,556,561,561,561,0,0
1715,空母ヲ級改flagship,正規空母,90,4,36,36,32,32,0,556,562,562,562,0,0
1716,深海双子棲姫,航空戦艦,120,4,0,0,0,128,0,509,509,570,573,0,0
1717,深海双子棲姫,航空戦艦,140,4,0,0,0,160,0,509,509,570,573,0,0
1718,深海双子棲姫,航空戦艦,160,4,0,0,0,192,0,509,509,570,573,0,0
1719,深海双子棲姫-壊,航空戦艦,110,4,0,0,0,144,0,509,509,570,573,0,0
1720,深海双子棲姫-壊,航空戦艦,130,4,0,0,0,176,0,509,509,570,573,0,0
1721,深海双子棲姫-壊,航空戦艦,150,4,0,0,0,208,0,509,509,570,573,0,0
1722,護衛棲姫,軽空母,70,4,14,14,14,14,0,575,575,520,520,0,0
1723,護衛棲姫,軽空母,0,4,32,32,36,36,0,575,575,520,520,0,0
1724,護衛棲姫,軽空母,0,4,32,32,36,36,0,575,575,520,520,0,0
1725,北端上陸姫,航空戦艦,88,4,0,0,0,36,0,565,565,567,575,0,0
1726,北端上陸姫,航空戦艦,98,4,0,0,0,49,0,565,565,567,575,0,0
1727,北端上陸姫,航空戦艦,0,4,0,0,0,64,0,565,565,567,575,0,0
1728,北方水姫,航空戦艦,88,4,0,0,0,36,0,576,576,515,574,0,0
1729,北方水姫,航空戦艦,88,4,0,0,0,49,0,576,576,515,574,0,0
1730,北方水姫,航空戦艦,0,4,0,0,0,64,0,576,576,515,574,0,0
1731,北方水姫-壊,航空戦艦,64,4,0,0,0,36,0,576,576,515,575,0,0
1732,北方水姫-壊,航空戦艦,64,4,0,0,0,49,0,576,576,515,575,0,0
1733,北方水姫-壊,航空戦艦,0,4,0,0,0,64,0,576,576,515,575,0,0
1734,軽母ヌ級改elite,軽空母,48,4,24,22,22,20,0,574,524,520,574,0,0
1735,軽母ヌ級改flagship,軽空母,68,4,26,24,24,22,0,575,524,520,575,0,0
1736,潜水新棲姫flagship,潜水艦,0,3,0,0,0,0,0,570,570,570,0,0,0
1737,潜水新棲姫flagship,潜水艦,0,3,0,0,0,0,0,570,570,570,0,0,0
1738,潜水新棲姫flagship,潜水艦,0,3,0,0,0,0,0,570,570,570,0,0,0
1739,駆逐ナ級,駆逐艦,63,3,0,0,0,0,0,501,501,559,0,0,0
1740,駆逐ナ級elite,駆逐艦,69,3,0,0,0,0,0,501,501,559,0,0,0
1741,駆逐ナ級flagship,駆逐艦,79,3,0,0,0,0,0,501,501,559,0,0,0
1742,駆逐ナ級後期型,駆逐艦,76,3,0,0,0,0,0,501,501,570,0,0,0
1743,駆逐ナ級後期型elite,駆逐艦,86,3,0,0,0,0,0,501,501,570,0,0,0
1744,駆逐ナ級後期型flagship,駆逐艦,96,3,0,0,0,0,0,501,501,570,0,0,0
1745,戦艦仏棲姫,航空戦艦,80,4,0,0,0,48,0,577,577,559,574,0,0
1746,戦艦仏棲姫,航空戦艦,84,4,0,0,0,64,0,577,577,559,574,0,0
1747,戦艦仏棲姫,航空戦艦,94,4,0,0,0,72,0,577,577,559,574,0,0
1748,戦艦仏棲姫-壊,航空戦艦,80,4,0,0,0,64,0,577,577,559,574,0,0
1749,戦艦仏棲姫-壊,航空戦艦,84,4,0,0,0,72,0,577,577,559,574,0,0
1750,戦艦仏棲姫-壊,航空戦艦,94,4,0,0,0,81,0,577,577,559,574,0,0
1751,空母夏鬼,正規空母,120,4,64,56,54,0,0,547,548,549,532,0,0
1752,空母夏姫,正規空母,140,4,70,62,66,0,0,547,548,549,532,0,0
1753,集積地夏姫,航空戦艦,74,4,16,16,0,0,0,562,562,565,565,0,0
1754,集積地夏姫,航空戦艦,84,4,24,24,0,0,0,562,562,565,565,0,0
1755,欧州棲姫,航空戦艦,130,4,0,0,0,60,0,578,578,559,574,0,0
1756,欧州棲姫,航空戦艦,140,4,0,0,0,120,0,578,578,559,574,0,0
1757,欧州棲姫,航空戦艦,150,4,0,0,0,180,0,578,578,559,574,0,0
1758,欧州棲姫-壊,航空戦艦,140,4,0,0,0,120,0,578,578,570,574,0,0
1759,欧州棲姫-壊,航空戦艦,160,4,0,0,0,180,0,578,578,570,574,0,0
1760,欧州棲姫-壊,航空戦艦,180,4,0,0,0,198,0,578,578,570,574,0,0
1761,重巡ネ級flagship,航空巡洋艦,78,4,0,0,0,28,0,505,505,559,574,0,0
1762,軽母ヌ級elite,軽空母,15,3,26,22,24,0,0,547,548,549,0,0,0
1763,軽母ヌ級flagship,軽空母,36,4,32,28,30,0,0,547,548,549,532,0,0
1764,軽母ヌ級flagship,軽空母,36,4,32,28,30,0,0,556,557,558,532,0,0
1765,軽母ヌ級改elite,軽空母,48,4,28,24,18,18,0,574,547,548,549,0,0
1766,軽母ヌ級改flagship,軽空母,68,4,28,28,20,20,0,575,556,557,558,0,0
1767,海峡夜棲姫,航空戦艦,69,4,0,0,64,0,0,579,579,575,580,0,0
1768,海峡夜棲姫,航空戦艦,69,4,0,0,68,0,0,579,579,575,580,0,0
1769,海峡夜棲姫,航空戦艦,69,4,0,0,81,0,0,579,579,575,580,0,0
1770,海峡夜棲姫-壊,航空戦艦,39,4,0,0,120,0,0,579,579,575,580,0,0
1771,海峡夜棲姫-壊,航空戦艦,39,4,0,0,180,0,0,579,579,575,580,0,0
1772,海峡夜棲姫-壊,航空戦艦,39,4,0,0,198,0,0,579,579,575,580,0,0
1773,防空埋護姫,航空戦艦,200,3,0,0,0,0,0,553,553,580,0,0,0
1774,防空埋護姫,航空戦艦,220,3,0,0,0,0,0,553,553,580,0,0,0
1775,防空埋護姫,航空戦艦,240,3,0,0,0,0,0,553,553,580,0,0,0
1776,軽母ヌ級elite,軽空母,15,3,26,22,24,0,0,0,0,0,0,0,0
1777,軽母ヌ級elite,軽空母,15,3,26,22,24,0,0,0,0,0,0,0,0
1778,軽母ヌ級改elite,軽空母,48,4,28,24,18,18,0,581,582,583,583,0,0
1779,軽母ヌ級改flagship,軽空母,68,4,28,28,20,20,0,556,557,558,558,0,0
1780,軽母ヌ級改flagship,軽空母,68,4,28,28,20,20,0,581,582,583,575,0,0
1781,空母棲姫,正規空母,130,4,60,52,56,30,0,581,557,558,583,0,0
1782,空母棲姫,正規空母,160,4,60,52,56,30,0,581,557,558,583,0,0
1783,護衛棲水姫,軽空母,98,4,42,35,35,0,0,581,582,583,580,0,0
1784,護衛棲水姫,軽空母,108,4,42,35,35,0,0,581,582,583,580,0,0
1785,護衛棲水姫,軽空母,118,4,42,35,35,0,0,581,582,583,580,0,0
1786,護衛棲水姫-壊,軽空母,98,4,42,35,35,0,0,581,582,583,580,0,0
1787,護衛棲水姫-壊,軽空母,108,4,42,35,35,0,0,581,582,583,580,0,0
1788,護衛棲水姫-壊,軽空母,128,4,42,35,35,0,0,581,582,583,580,0,0
1789,潜水新棲姫flagship,潜水艦,0,3,0,0,0,0,0,570,570,570,0,0,0
